case,consine_similarity,jaccard_similarity,bleu_score,meteor_score,rouge_l_score,bert_score
High,0.6946871280670166,0.3076923076923077,0.05307712171072445,0.38490853658536583,0.33333333333333326,0.9427090287208557
Moderate,0.4578492343425751,0.2727272727272727,0.06500593260343691,0.41218637992831536,0.42857142857142855,0.9174966812133789
Low,0.3301067054271698,0.2,0.043472087194499145,0.2142857142857143,0.42857142857142855,0.925447940826416
Very low,0.10167980939149857,0.0,0.0,0.0,0.0,0.8607237935066223
empty GT,0.0,0.0,0.0,0.0,0.0,0.0
empty pred,0.0,0.0,0.0,0.0,0.0,0.0
